"variable1","var1_domain","variable2","var2_domain","coef"
"Ba.salanitronis_DSM_18170","Bacteroides","Ba.eggerthii_1_2_48FAA","Bacteroides",0.395669259
"Ba.salanitronis_DSM_18170","Bacteroides","Ba.caccae_ATCC_43185","Bacteroides",0.181308685
"Ba.eggerthii_1_2_48FAA","Bacteroides","Ba.caccae_ATCC_43185","Bacteroides",0.305643672
"Ba.salanitronis_DSM_18170","Bacteroides","Ba.helcogenes_P_36.108","Bacteroides",0.456603443
"Ba.eggerthii_1_2_48FAA","Bacteroides","Ba.helcogenes_P_36.108","Bacteroides",0.534039005
"Ba.caccae_ATCC_43185","Bacteroides","Ba.helcogenes_P_36.108","Bacteroides",0.224942413
"Ba.salanitronis_DSM_18170","Bacteroides","Ba.intestinalis_DSM_17393","Bacteroides",0.359896504
"Ba.eggerthii_1_2_48FAA","Bacteroides","Ba.intestinalis_DSM_17393","Bacteroides",0.456874428
"Ba.caccae_ATCC_43185","Bacteroides","Ba.intestinalis_DSM_17393","Bacteroides",0.243979241
"Ba.helcogenes_P_36-108","Bacteroides","Ba.intestinalis_DSM_17393","Bacteroides",0.615825985
"Ba.salanitronis_DSM_18170","Bacteroides","Ba.clarus_YIT_12056","Bacteroides",0.46915233
"Ba.eggerthii_1_2_48FAA","Bacteroides","Ba.clarus_YIT_12056","Bacteroides",0.517271526
"Ba.caccae_ATCC_43185","Bacteroides","Ba.clarus_YIT_12056","Bacteroides",0.274571941
"Ba.helcogenes_P_36-108","Bacteroides","Ba.clarus_YIT_12056","Bacteroides",0.562766417
"Ba.intestinalis_DSM_17393","Bacteroides","Ba.clarus_YIT_12056","Bacteroides",0.395408577
"Ba.salanitronis_DSM_18170","Bacteroides","Ba.fluxus_YIT_12057","Bacteroides",0.475469585
"Ba.eggerthii_1_2_48FAA","Bacteroides","Ba.fluxus_YIT_12057","Bacteroides",0.486989621
"Ba.caccae_ATCC_43185","Bacteroides","Ba.fluxus_YIT_12057","Bacteroides",0.203636755
"Ba.helcogenes_P_36-108","Bacteroides","Ba.fluxus_YIT_12057","Bacteroides",0.536921122
"Ba.intestinalis_DSM_17393","Bacteroides","Ba.fluxus_YIT_12057","Bacteroides",0.53348504
"Ba.clarus_YIT_12056","Bacteroides","Ba.fluxus_YIT_12057","Bacteroides",0.395502276
"Ba.salanitronis_DSM_18170","Bacteroides","Ba.coprophilus_DSM_18228_","Bacteroides",0.324777361
"Ba.eggerthii_1_2_48FAA","Bacteroides","Ba.coprophilus_DSM_18228_","Bacteroides",0.27467146
"Ba.caccae_ATCC_43185","Bacteroides","Ba.coprophilus_DSM_18228_","Bacteroides",0.178152446
"Ba.helcogenes_P_36-108","Bacteroides","Ba.coprophilus_DSM_18228_","Bacteroides",0.304145087
"Ba.intestinalis_DSM_17393","Bacteroides","Ba.coprophilus_DSM_18228_","Bacteroides",0.226556479
"Ba.clarus_YIT_12056","Bacteroides","Ba.coprophilus_DSM_18228_","Bacteroides",0.219407724
"Ba.fluxus_YIT_12057","Bacteroides","Ba.coprophilus_DSM_18228_","Bacteroides",0.478962453
"Ba.salanitronis_DSM_18170","Bacteroides","Ba.sp._1_1_30","Bacteroides",0.25591563
"Ba.eggerthii_1_2_48FAA","Bacteroides","Ba.sp._1_1_30","Bacteroides",0.377726659
"Ba.caccae_ATCC_43185","Bacteroides","Ba.sp._1_1_30","Bacteroides",0.23621696
"Ba.helcogenes_P_36-108","Bacteroides","Ba.sp._1_1_30","Bacteroides",0.590866207
"Ba.intestinalis_DSM_17393","Bacteroides","Ba.sp._1_1_30","Bacteroides",0.503375744
"Ba.clarus_YIT_12056","Bacteroides","Ba.sp._1_1_30","Bacteroides",0.332349899
"Ba.fluxus_YIT_12057","Bacteroides","Ba.sp._1_1_30","Bacteroides",0.444315745
"Ba.coprophilus_DSM_18228_","Bacteroides","Ba.sp._1_1_30","Bacteroides",0.209652677
"Ba.salanitronis_DSM_18170","Bacteroides","Ba.finegoldii_DSM_17565","Bacteroides",0.36495152
"Ba.eggerthii_1_2_48FAA","Bacteroides","Ba.finegoldii_DSM_17565","Bacteroides",0.470576397
"Ba.caccae_ATCC_43185","Bacteroides","Ba.finegoldii_DSM_17565","Bacteroides",0.302041145
"Ba.helcogenes_P_36-108","Bacteroides","Ba.finegoldii_DSM_17565","Bacteroides",0.62120807
"Ba.intestinalis_DSM_17393","Bacteroides","Ba.finegoldii_DSM_17565","Bacteroides",0.484653916
"Ba.clarus_YIT_12056","Bacteroides","Ba.finegoldii_DSM_17565","Bacteroides",0.427904268
"Ba.fluxus_YIT_12057","Bacteroides","Ba.finegoldii_DSM_17565","Bacteroides",0.551186441
"Ba.coprophilus_DSM_18228_","Bacteroides","Ba.finegoldii_DSM_17565","Bacteroides",0.312630388
"Ba.sp._1_1_30","Bacteroides","Ba.finegoldii_DSM_17565","Bacteroides",0.692679779
"Ba.salanitronis_DSM_18170","Bacteroides","Ba.sp._2_2_4","Bacteroides",0.203453948
"Ba.eggerthii_1_2_48FAA","Bacteroides","Ba.sp._2_2_4","Bacteroides",0.359419677
"Ba.caccae_ATCC_43185","Bacteroides","Ba.sp._2_2_4","Bacteroides",0.241182266
"Ba.helcogenes_P_36-108","Bacteroides","Ba.sp._2_2_4","Bacteroides",0.567464586
"Ba.intestinalis_DSM_17393","Bacteroides","Ba.sp._2_2_4","Bacteroides",0.44702946
"Ba.clarus_YIT_12056","Bacteroides","Ba.sp._2_2_4","Bacteroides",0.267875294
"Ba.fluxus_YIT_12057","Bacteroides","Ba.sp._2_2_4","Bacteroides",0.402075385
"Ba.coprophilus_DSM_18228_","Bacteroides","Ba.sp._2_2_4","Bacteroides",0.152333817
"Ba.sp._1_1_30","Bacteroides","Ba.sp._2_2_4","Bacteroides",0.880160343
"Ba.finegoldii_DSM_17565","Bacteroides","Ba.sp._2_2_4","Bacteroides",0.666349392
"Ba.salanitronis_DSM_18170","Bacteroides","Ba.sp._2_1_56FAA","Bacteroides",0.234913527
"Ba.eggerthii_1_2_48FAA","Bacteroides","Ba.sp._2_1_56FAA","Bacteroides",0.227229061
"Ba.caccae_ATCC_43185","Bacteroides","Ba.sp._2_1_56FAA","Bacteroides",0.091984362
"Ba.helcogenes_P_36-108","Bacteroides","Ba.sp._2_1_56FAA","Bacteroides",0.472135307
"Ba.intestinalis_DSM_17393","Bacteroides","Ba.sp._2_1_56FAA","Bacteroides",0.360647729
"Ba.clarus_YIT_12056","Bacteroides","Ba.sp._2_1_56FAA","Bacteroides",0.237567495
"Ba.fluxus_YIT_12057","Bacteroides","Ba.sp._2_1_56FAA","Bacteroides",0.346746568
"Ba.coprophilus_DSM_18228_","Bacteroides","Ba.sp._2_1_56FAA","Bacteroides",0.059041756
"Ba.sp._1_1_30","Bacteroides","Ba.sp._2_1_56FAA","Bacteroides",0.436676372
"Ba.finegoldii_DSM_17565","Bacteroides","Ba.sp._2_1_56FAA","Bacteroides",0.371529361
"Ba.sp._2_2_4","Bacteroides","Ba.sp._2_1_56FAA","Bacteroides",0.439784306
"Ba.salanitronis_DSM_18170","Bacteroides","Ba.pectinophilus_ATCC_43243","Bacteroides",-0.120579239
"Ba.eggerthii_1_2_48FAA","Bacteroides","Ba.pectinophilus_ATCC_43243","Bacteroides",-0.123424318
"Ba.caccae_ATCC_43185","Bacteroides","Ba.pectinophilus_ATCC_43243","Bacteroides",-0.06070089
"Ba.helcogenes_P_36-108","Bacteroides","Ba.pectinophilus_ATCC_43243","Bacteroides",-0.304037034
"Ba.intestinalis_DSM_17393","Bacteroides","Ba.pectinophilus_ATCC_43243","Bacteroides",-0.175932799
"Ba.clarus_YIT_12056","Bacteroides","Ba.pectinophilus_ATCC_43243","Bacteroides",-0.144296161
"Ba.fluxus_YIT_12057","Bacteroides","Ba.pectinophilus_ATCC_43243","Bacteroides",-0.324855101
"Ba.coprophilus_DSM_18228_","Bacteroides","Ba.pectinophilus_ATCC_43243","Bacteroides",-0.110425193
"Ba.sp._1_1_30","Bacteroides","Ba.pectinophilus_ATCC_43243","Bacteroides",-0.356004247
"Ba.finegoldii_DSM_17565","Bacteroides","Ba.pectinophilus_ATCC_43243","Bacteroides",-0.433919648
"Ba.sp._2_2_4","Bacteroides","Ba.pectinophilus_ATCC_43243","Bacteroides",-0.362920525
"Ba.sp._2_1_56FAA","Bacteroides","Ba.pectinophilus_ATCC_43243","Bacteroides",-0.33947223
"Ba.salanitronis_DSM_18170","Bacteroides","Ba.plebeius_DSM_17135","Bacteroides",0.492130959
"Ba.eggerthii_1_2_48FAA","Bacteroides","Ba.plebeius_DSM_17135","Bacteroides",0.418373882
"Ba.caccae_ATCC_43185","Bacteroides","Ba.plebeius_DSM_17135","Bacteroides",0.251928419
"Ba.helcogenes_P_36-108","Bacteroides","Ba.plebeius_DSM_17135","Bacteroides",0.441557189
"Ba.intestinalis_DSM_17393","Bacteroides","Ba.plebeius_DSM_17135","Bacteroides",0.38438332
"Ba.clarus_YIT_12056","Bacteroides","Ba.plebeius_DSM_17135","Bacteroides",0.446068142
"Ba.fluxus_YIT_12057","Bacteroides","Ba.plebeius_DSM_17135","Bacteroides",0.505549371
"Ba.coprophilus_DSM_18228_","Bacteroides","Ba.plebeius_DSM_17135","Bacteroides",0.427099804
"Ba.sp._1_1_30","Bacteroides","Ba.plebeius_DSM_17135","Bacteroides",0.305582996
"Ba.finegoldii_DSM_17565","Bacteroides","Ba.plebeius_DSM_17135","Bacteroides",0.489404171
"Ba.sp._2_2_4","Bacteroides","Ba.plebeius_DSM_17135","Bacteroides",0.249863849
"Ba.sp._2_1_56FAA","Bacteroides","Ba.plebeius_DSM_17135","Bacteroides",0.173624119
"Ba.pectinophilus_ATCC_43243","Bacteroides","Ba.plebeius_DSM_17135","Bacteroides",-0.22904651
"Ba.salanitronis_DSM_18170","Bacteroides","Ba.fragilis_3_1_12","Bacteroides",0.23276389
"Ba.eggerthii_1_2_48FAA","Bacteroides","Ba.fragilis_3_1_12","Bacteroides",0.34182372
"Ba.caccae_ATCC_43185","Bacteroides","Ba.fragilis_3_1_12","Bacteroides",0.115885394
"Ba.helcogenes_P_36-108","Bacteroides","Ba.fragilis_3_1_12","Bacteroides",0.440871458
"Ba.intestinalis_DSM_17393","Bacteroides","Ba.fragilis_3_1_12","Bacteroides",0.416911155
"Ba.clarus_YIT_12056","Bacteroides","Ba.fragilis_3_1_12","Bacteroides",0.267798997
"Ba.fluxus_YIT_12057","Bacteroides","Ba.fragilis_3_1_12","Bacteroides",0.310445369
"Ba.coprophilus_DSM_18228_","Bacteroides","Ba.fragilis_3_1_12","Bacteroides",0.071648844
"Ba.sp._1_1_30","Bacteroides","Ba.fragilis_3_1_12","Bacteroides",0.432024158
"Ba.finegoldii_DSM_17565","Bacteroides","Ba.fragilis_3_1_12","Bacteroides",0.391810376
"Ba.sp._2_2_4","Bacteroides","Ba.fragilis_3_1_12","Bacteroides",0.447227648
"Ba.sp._2_1_56FAA","Bacteroides","Ba.fragilis_3_1_12","Bacteroides",0.52218796
"Ba.pectinophilus_ATCC_43243","Bacteroides","Ba.fragilis_3_1_12","Bacteroides",-0.21233658
"Ba.plebeius_DSM_17135","Bacteroides","Ba.fragilis_3_1_12","Bacteroides",0.226418892
"Ba.salanitronis_DSM_18170","Bacteroides","Ba.sp._1_1_6","Bacteroides",0.322432346
"Ba.eggerthii_1_2_48FAA","Bacteroides","Ba.sp._1_1_6","Bacteroides",0.351365107
"Ba.caccae_ATCC_43185","Bacteroides","Ba.sp._1_1_6","Bacteroides",0.18067412
"Ba.helcogenes_P_36-108","Bacteroides","Ba.sp._1_1_6","Bacteroides",0.514735835
"Ba.intestinalis_DSM_17393","Bacteroides","Ba.sp._1_1_6","Bacteroides",0.496214478
"Ba.clarus_YIT_12056","Bacteroides","Ba.sp._1_1_6","Bacteroides",0.379430864
"Ba.fluxus_YIT_12057","Bacteroides","Ba.sp._1_1_6","Bacteroides",0.46057605
"Ba.coprophilus_DSM_18228_","Bacteroides","Ba.sp._1_1_6","Bacteroides",0.203400349
"Ba.sp._1_1_30","Bacteroides","Ba.sp._1_1_6","Bacteroides",0.584385453
"Ba.finegoldii_DSM_17565","Bacteroides","Ba.sp._1_1_6","Bacteroides",0.555914965
"Ba.sp._2_2_4","Bacteroides","Ba.sp._1_1_6","Bacteroides",0.566559639
"Ba.sp._2_1_56FAA","Bacteroides","Ba.sp._1_1_6","Bacteroides",0.436751728
"Ba.pectinophilus_ATCC_43243","Bacteroides","Ba.sp._1_1_6","Bacteroides",-0.316397428
"Ba.plebeius_DSM_17135","Bacteroides","Ba.sp._1_1_6","Bacteroides",0.301852141
"Ba.fragilis_3_1_12","Bacteroides","Ba.sp._1_1_6","Bacteroides",0.454749935
"Ba.salanitronis_DSM_18170","Bacteroides","Ba.stercoris_ATCC_43183","Bacteroides",0.393800092
"Ba.eggerthii_1_2_48FAA","Bacteroides","Ba.stercoris_ATCC_43183","Bacteroides",0.402836848
"Ba.caccae_ATCC_43185","Bacteroides","Ba.stercoris_ATCC_43183","Bacteroides",0.289127765
"Ba.helcogenes_P_36-108","Bacteroides","Ba.stercoris_ATCC_43183","Bacteroides",0.507390809
"Ba.intestinalis_DSM_17393","Bacteroides","Ba.stercoris_ATCC_43183","Bacteroides",0.33911929
"Ba.clarus_YIT_12056","Bacteroides","Ba.stercoris_ATCC_43183","Bacteroides",0.563950166
"Ba.fluxus_YIT_12057","Bacteroides","Ba.stercoris_ATCC_43183","Bacteroides",0.475830179
"Ba.coprophilus_DSM_18228_","Bacteroides","Ba.stercoris_ATCC_43183","Bacteroides",0.3484522
"Ba.sp._1_1_30","Bacteroides","Ba.stercoris_ATCC_43183","Bacteroides",0.372843735
"Ba.finegoldii_DSM_17565","Bacteroides","Ba.stercoris_ATCC_43183","Bacteroides",0.502443821
"Ba.sp._2_2_4","Bacteroides","Ba.stercoris_ATCC_43183","Bacteroides",0.327977262
"Ba.sp._2_1_56FAA","Bacteroides","Ba.stercoris_ATCC_43183","Bacteroides",0.222681863
"Ba.pectinophilus_ATCC_43243","Bacteroides","Ba.stercoris_ATCC_43183","Bacteroides",-0.271839404
"Ba.plebeius_DSM_17135","Bacteroides","Ba.stercoris_ATCC_43183","Bacteroides",0.490217452
"Ba.fragilis_3_1_12","Bacteroides","Ba.stercoris_ATCC_43183","Bacteroides",0.199203933
"Ba.sp._1_1_6","Bacteroides","Ba.stercoris_ATCC_43183","Bacteroides",0.328594513
"Ba.salanitronis_DSM_18170","Bacteroides","Ba.uniformis_ATCC_8492","Bacteroides",0.321948492
"Ba.eggerthii_1_2_48FAA","Bacteroides","Ba.uniformis_ATCC_8492","Bacteroides",0.441684237
"Ba.caccae_ATCC_43185","Bacteroides","Ba.uniformis_ATCC_8492","Bacteroides",0.263373852
"Ba.helcogenes_P_36-108","Bacteroides","Ba.uniformis_ATCC_8492","Bacteroides",0.543153376
"Ba.intestinalis_DSM_17393","Bacteroides","Ba.uniformis_ATCC_8492","Bacteroides",0.412183735
"Ba.clarus_YIT_12056","Bacteroides","Ba.uniformis_ATCC_8492","Bacteroides",0.422336165
"Ba.fluxus_YIT_12057","Bacteroides","Ba.uniformis_ATCC_8492","Bacteroides",0.3312941
"Ba.coprophilus_DSM_18228_","Bacteroides","Ba.uniformis_ATCC_8492","Bacteroides",0.15704337
"Ba.sp._1_1_30","Bacteroides","Ba.uniformis_ATCC_8492","Bacteroides",0.409042377
"Ba.finegoldii_DSM_17565","Bacteroides","Ba.uniformis_ATCC_8492","Bacteroides",0.382851059
"Ba.sp._2_2_4","Bacteroides","Ba.uniformis_ATCC_8492","Bacteroides",0.39438831
"Ba.sp._2_1_56FAA","Bacteroides","Ba.uniformis_ATCC_8492","Bacteroides",0.216077147
"Ba.pectinophilus_ATCC_43243","Bacteroides","Ba.uniformis_ATCC_8492","Bacteroides",-0.056088549
"Ba.plebeius_DSM_17135","Bacteroides","Ba.uniformis_ATCC_8492","Bacteroides",0.275746366
"Ba.fragilis_3_1_12","Bacteroides","Ba.uniformis_ATCC_8492","Bacteroides",0.302112034
"Ba.sp._1_1_6","Bacteroides","Ba.uniformis_ATCC_8492","Bacteroides",0.407329367
"Ba.stercoris_ATCC_43183","Bacteroides","Ba.uniformis_ATCC_8492","Bacteroides",0.337340059
"Ba.salanitronis_DSM_18170","Bacteroides","Ba.sp._9_1_42FAA","Bacteroides",0.359951735
"Ba.eggerthii_1_2_48FAA","Bacteroides","Ba.sp._9_1_42FAA","Bacteroides",0.420204655
"Ba.caccae_ATCC_43185","Bacteroides","Ba.sp._9_1_42FAA","Bacteroides",0.215260804
"Ba.helcogenes_P_36-108","Bacteroides","Ba.sp._9_1_42FAA","Bacteroides",0.596192484
"Ba.intestinalis_DSM_17393","Bacteroides","Ba.sp._9_1_42FAA","Bacteroides",0.410644122
"Ba.clarus_YIT_12056","Bacteroides","Ba.sp._9_1_42FAA","Bacteroides",0.354229999
"Ba.fluxus_YIT_12057","Bacteroides","Ba.sp._9_1_42FAA","Bacteroides",0.402685058
"Ba.coprophilus_DSM_18228_","Bacteroides","Ba.sp._9_1_42FAA","Bacteroides",0.150304077
"Ba.sp._1_1_30","Bacteroides","Ba.sp._9_1_42FAA","Bacteroides",0.520296134
"Ba.finegoldii_DSM_17565","Bacteroides","Ba.sp._9_1_42FAA","Bacteroides",0.483044994
"Ba.sp._2_2_4","Bacteroides","Ba.sp._9_1_42FAA","Bacteroides",0.521709878
"Ba.sp._2_1_56FAA","Bacteroides","Ba.sp._9_1_42FAA","Bacteroides",0.384743638
"Ba.pectinophilus_ATCC_43243","Bacteroides","Ba.sp._9_1_42FAA","Bacteroides",-0.253368185
"Ba.plebeius_DSM_17135","Bacteroides","Ba.sp._9_1_42FAA","Bacteroides",0.276482334
"Ba.fragilis_3_1_12","Bacteroides","Ba.sp._9_1_42FAA","Bacteroides",0.41277125
"Ba.sp._1_1_6","Bacteroides","Ba.sp._9_1_42FAA","Bacteroides",0.436963066
"Ba.stercoris_ATCC_43183","Bacteroides","Ba.sp._9_1_42FAA","Bacteroides",0.343908465
"Ba.uniformis_ATCC_8492","Bacteroides","Ba.sp._9_1_42FAA","Bacteroides",0.376122606
"Ba.salanitronis_DSM_18170","Bacteroides","Ba.coprosuis_DSM_18011","Bacteroides",0.346519612
"Ba.eggerthii_1_2_48FAA","Bacteroides","Ba.coprosuis_DSM_18011","Bacteroides",0.098102328
"Ba.caccae_ATCC_43185","Bacteroides","Ba.coprosuis_DSM_18011","Bacteroides",0.106277184
"Ba.helcogenes_P_36-108","Bacteroides","Ba.coprosuis_DSM_18011","Bacteroides",0.345305336
"Ba.intestinalis_DSM_17393","Bacteroides","Ba.coprosuis_DSM_18011","Bacteroides",0.250801332
"Ba.clarus_YIT_12056","Bacteroides","Ba.coprosuis_DSM_18011","Bacteroides",0.277899934
"Ba.fluxus_YIT_12057","Bacteroides","Ba.coprosuis_DSM_18011","Bacteroides",0.359012198
"Ba.coprophilus_DSM_18228_","Bacteroides","Ba.coprosuis_DSM_18011","Bacteroides",0.283544094
"Ba.sp._1_1_30","Bacteroides","Ba.coprosuis_DSM_18011","Bacteroides",0.263728363
"Ba.finegoldii_DSM_17565","Bacteroides","Ba.coprosuis_DSM_18011","Bacteroides",0.320230554
"Ba.sp._2_2_4","Bacteroides","Ba.coprosuis_DSM_18011","Bacteroides",0.213911137
"Ba.sp._2_1_56FAA","Bacteroides","Ba.coprosuis_DSM_18011","Bacteroides",0.128163934
"Ba.pectinophilus_ATCC_43243","Bacteroides","Ba.coprosuis_DSM_18011","Bacteroides",-0.192521553
"Ba.plebeius_DSM_17135","Bacteroides","Ba.coprosuis_DSM_18011","Bacteroides",0.266075109
"Ba.fragilis_3_1_12","Bacteroides","Ba.coprosuis_DSM_18011","Bacteroides",0.078834853
"Ba.sp._1_1_6","Bacteroides","Ba.coprosuis_DSM_18011","Bacteroides",0.292600009
"Ba.stercoris_ATCC_43183","Bacteroides","Ba.coprosuis_DSM_18011","Bacteroides",0.227880591
"Ba.uniformis_ATCC_8492","Bacteroides","Ba.coprosuis_DSM_18011","Bacteroides",0.10161364
"Ba.sp._9_1_42FAA","Bacteroides","Ba.coprosuis_DSM_18011","Bacteroides",0.223138303
"Ba.salanitronis_DSM_18170","Bacteroides","Ba.coprocola_DSM_17136","Bacteroides",0.510234508
"Ba.eggerthii_1_2_48FAA","Bacteroides","Ba.coprocola_DSM_17136","Bacteroides",0.444510772
"Ba.caccae_ATCC_43185","Bacteroides","Ba.coprocola_DSM_17136","Bacteroides",0.248600465
"Ba.helcogenes_P_36-108","Bacteroides","Ba.coprocola_DSM_17136","Bacteroides",0.498977752
"Ba.intestinalis_DSM_17393","Bacteroides","Ba.coprocola_DSM_17136","Bacteroides",0.418855326
"Ba.clarus_YIT_12056","Bacteroides","Ba.coprocola_DSM_17136","Bacteroides",0.479686818
"Ba.fluxus_YIT_12057","Bacteroides","Ba.coprocola_DSM_17136","Bacteroides",0.566248153
"Ba.coprophilus_DSM_18228_","Bacteroides","Ba.coprocola_DSM_17136","Bacteroides",0.372808203
"Ba.sp._1_1_30","Bacteroides","Ba.coprocola_DSM_17136","Bacteroides",0.395461008
"Ba.finegoldii_DSM_17565","Bacteroides","Ba.coprocola_DSM_17136","Bacteroides",0.536965814
"Ba.sp._2_2_4","Bacteroides","Ba.coprocola_DSM_17136","Bacteroides",0.351928607
"Ba.sp._2_1_56FAA","Bacteroides","Ba.coprocola_DSM_17136","Bacteroides",0.272230286
"Ba.pectinophilus_ATCC_43243","Bacteroides","Ba.coprocola_DSM_17136","Bacteroides",-0.294267773
"Ba.plebeius_DSM_17135","Bacteroides","Ba.coprocola_DSM_17136","Bacteroides",0.710635854
"Ba.fragilis_3_1_12","Bacteroides","Ba.coprocola_DSM_17136","Bacteroides",0.244912771
"Ba.sp._1_1_6","Bacteroides","Ba.coprocola_DSM_17136","Bacteroides",0.365173221
"Ba.stercoris_ATCC_43183","Bacteroides","Ba.coprocola_DSM_17136","Bacteroides",0.501857787
"Ba.uniformis_ATCC_8492","Bacteroides","Ba.coprocola_DSM_17136","Bacteroides",0.286059153
"Ba.sp._9_1_42FAA","Bacteroides","Ba.coprocola_DSM_17136","Bacteroides",0.371345752
"Ba.coprosuis_DSM_18011","Bacteroides","Ba.coprocola_DSM_17136","Bacteroides",0.303689428
"Ba.salanitronis_DSM_18170","Bacteroides","Bi.breve_UCC2003","Bifidobacterium",-0.179233698
"Ba.eggerthii_1_2_48FAA","Bacteroides","Bi.breve_UCC2003","Bifidobacterium",-0.258364906
"Ba.caccae_ATCC_43185","Bacteroides","Bi.breve_UCC2003","Bifidobacterium",-0.12025929
"Ba.helcogenes_P_36-108","Bacteroides","Bi.breve_UCC2003","Bifidobacterium",-0.339142531
"Ba.intestinalis_DSM_17393","Bacteroides","Bi.breve_UCC2003","Bifidobacterium",-0.280853761
"Ba.clarus_YIT_12056","Bacteroides","Bi.breve_UCC2003","Bifidobacterium",-0.210286851
"Ba.fluxus_YIT_12057","Bacteroides","Bi.breve_UCC2003","Bifidobacterium",-0.36366549
"Ba.coprophilus_DSM_18228_","Bacteroides","Bi.breve_UCC2003","Bifidobacterium",-0.234670356
"Ba.sp._1_1_30","Bacteroides","Bi.breve_UCC2003","Bifidobacterium",-0.323434561
"Ba.finegoldii_DSM_17565","Bacteroides","Bi.breve_UCC2003","Bifidobacterium",-0.39619942
"Ba.sp._2_2_4","Bacteroides","Bi.breve_UCC2003","Bifidobacterium",-0.309444903
"Ba.sp._2_1_56FAA","Bacteroides","Bi.breve_UCC2003","Bifidobacterium",-0.124363357
"Ba.pectinophilus_ATCC_43243","Bacteroides","Bi.breve_UCC2003","Bifidobacterium",0.292077743
"Ba.plebeius_DSM_17135","Bacteroides","Bi.breve_UCC2003","Bifidobacterium",-0.286114163
"Ba.fragilis_3_1_12","Bacteroides","Bi.breve_UCC2003","Bifidobacterium",-0.149438756
"Ba.sp._1_1_6","Bacteroides","Bi.breve_UCC2003","Bifidobacterium",-0.343940805
"Ba.stercoris_ATCC_43183","Bacteroides","Bi.breve_UCC2003","Bifidobacterium",-0.238012248
"Ba.uniformis_ATCC_8492","Bacteroides","Bi.breve_UCC2003","Bifidobacterium",-0.160535525
"Ba.sp._9_1_42FAA","Bacteroides","Bi.breve_UCC2003","Bifidobacterium",-0.281327356
"Ba.coprosuis_DSM_18011","Bacteroides","Bi.breve_UCC2003","Bifidobacterium",-0.266580462
"Ba.coprocola_DSM_17136","Bacteroides","Bi.breve_UCC2003","Bifidobacterium",-0.298653173
"Ba.salanitronis_DSM_18170","Bacteroides","Bi.longum_subsp._infantis_ATCC_15697_","Bifidobacterium",-0.169947089
"Ba.eggerthii_1_2_48FAA","Bacteroides","Bi.longum_subsp._infantis_ATCC_15697_","Bifidobacterium",-0.265534982
"Ba.caccae_ATCC_43185","Bacteroides","Bi.longum_subsp._infantis_ATCC_15697_","Bifidobacterium",-0.117745728
"Ba.helcogenes_P_36-108","Bacteroides","Bi.longum_subsp._infantis_ATCC_15697_","Bifidobacterium",-0.340584376
"Ba.intestinalis_DSM_17393","Bacteroides","Bi.longum_subsp._infantis_ATCC_15697_","Bifidobacterium",-0.275036947
"Ba.clarus_YIT_12056","Bacteroides","Bi.longum_subsp._infantis_ATCC_15697_","Bifidobacterium",-0.196453759
"Ba.fluxus_YIT_12057","Bacteroides","Bi.longum_subsp._infantis_ATCC_15697_","Bifidobacterium",-0.374303852
"Ba.coprophilus_DSM_18228_","Bacteroides","Bi.longum_subsp._infantis_ATCC_15697_","Bifidobacterium",-0.255618924
"Ba.sp._1_1_30","Bacteroides","Bi.longum_subsp._infantis_ATCC_15697_","Bifidobacterium",-0.32077941
"Ba.finegoldii_DSM_17565","Bacteroides","Bi.longum_subsp._infantis_ATCC_15697_","Bifidobacterium",-0.407637566
"Ba.sp._2_2_4","Bacteroides","Bi.longum_subsp._infantis_ATCC_15697_","Bifidobacterium",-0.313397271
"Ba.sp._2_1_56FAA","Bacteroides","Bi.longum_subsp._infantis_ATCC_15697_","Bifidobacterium",-0.141932651
"Ba.pectinophilus_ATCC_43243","Bacteroides","Bi.longum_subsp._infantis_ATCC_15697_","Bifidobacterium",0.322390891
"Ba.plebeius_DSM_17135","Bacteroides","Bi.longum_subsp._infantis_ATCC_15697_","Bifidobacterium",-0.280329322
"Ba.fragilis_3_1_12","Bacteroides","Bi.longum_subsp._infantis_ATCC_15697_","Bifidobacterium",-0.155161958
"Ba.sp._1_1_6","Bacteroides","Bi.longum_subsp._infantis_ATCC_15697_","Bifidobacterium",-0.34511451
"Ba.stercoris_ATCC_43183","Bacteroides","Bi.longum_subsp._infantis_ATCC_15697_","Bifidobacterium",-0.243784967
"Ba.uniformis_ATCC_8492","Bacteroides","Bi.longum_subsp._infantis_ATCC_15697_","Bifidobacterium",-0.153070337
"Ba.sp._9_1_42FAA","Bacteroides","Bi.longum_subsp._infantis_ATCC_15697_","Bifidobacterium",-0.283641693
"Ba.coprosuis_DSM_18011","Bacteroides","Bi.longum_subsp._infantis_ATCC_15697_","Bifidobacterium",-0.275694751
"Ba.coprocola_DSM_17136","Bacteroides","Bi.longum_subsp._infantis_ATCC_15697_","Bifidobacterium",-0.293150534
"Bi.breve_UCC2003","Bifidobacterium","Bi.longum_subsp._infantis_ATCC_15697_","Bifidobacterium",0.949639913
"Ba.salanitronis_DSM_18170","Bacteroides","Bi.adolescentis_L2.32","Bifidobacterium",-0.183757706
"Ba.eggerthii_1_2_48FAA","Bacteroides","Bi.adolescentis_L2.32","Bifidobacterium",-0.167711739
"Ba.caccae_ATCC_43185","Bacteroides","Bi.adolescentis_L2.32","Bifidobacterium",-0.054795856
"Ba.helcogenes_P_36-108","Bacteroides","Bi.adolescentis_L2.32","Bifidobacterium",-0.36905262
"Ba.intestinalis_DSM_17393","Bacteroides","Bi.adolescentis_L2.32","Bifidobacterium",-0.276388714
"Ba.clarus_YIT_12056","Bacteroides","Bi.adolescentis_L2.32","Bifidobacterium",-0.250099222
"Ba.fluxus_YIT_12057","Bacteroides","Bi.adolescentis_L2.32","Bifidobacterium",-0.343927292
"Ba.coprophilus_DSM_18228_","Bacteroides","Bi.adolescentis_L2.32","Bifidobacterium",-0.157952217
"Ba.sp._1_1_30","Bacteroides","Bi.adolescentis_L2.32","Bifidobacterium",-0.357999323
"Ba.finegoldii_DSM_17565","Bacteroides","Bi.adolescentis_L2.32","Bifidobacterium",-0.377904457
"Ba.sp._2_2_4","Bacteroides","Bi.adolescentis_L2.32","Bifidobacterium",-0.318737324
"Ba.sp._2_1_56FAA","Bacteroides","Bi.adolescentis_L2.32","Bifidobacterium",-0.20670358
"Ba.pectinophilus_ATCC_43243","Bacteroides","Bi.adolescentis_L2.32","Bifidobacterium",0.390890914
"Ba.plebeius_DSM_17135","Bacteroides","Bi.adolescentis_L2.32","Bifidobacterium",-0.27528555
"Ba.fragilis_3_1_12","Bacteroides","Bi.adolescentis_L2.32","Bifidobacterium",-0.17369405
"Ba.sp._1_1_6","Bacteroides","Bi.adolescentis_L2.32","Bifidobacterium",-0.366662054
"Ba.stercoris_ATCC_43183","Bacteroides","Bi.adolescentis_L2.32","Bifidobacterium",-0.246681926
"Ba.uniformis_ATCC_8492","Bacteroides","Bi.adolescentis_L2.32","Bifidobacterium",-0.155588602
"Ba.sp._9_1_42FAA","Bacteroides","Bi.adolescentis_L2.32","Bifidobacterium",-0.289848712
"Ba.coprosuis_DSM_18011","Bacteroides","Bi.adolescentis_L2.32","Bifidobacterium",-0.252586849
"Ba.coprocola_DSM_17136","Bacteroides","Bi.adolescentis_L2.32","Bifidobacterium",-0.339080241
"Bi.breve_UCC2003","Bifidobacterium","Bi.adolescentis_L2.32","Bifidobacterium",0.662134782
"Bi.longum_subsp._infantis_ATCC_15697_","Bifidobacterium","Bi.adolescentis_L2.32","Bifidobacterium",0.649195811
"Ba.salanitronis_DSM_18170","Bacteroides","Bi.dentium_ATCC_27679","Bifidobacterium",-0.192786202
"Ba.eggerthii_1_2_48FAA","Bacteroides","Bi.dentium_ATCC_27679","Bifidobacterium",-0.267849963
"Ba.caccae_ATCC_43185","Bacteroides","Bi.dentium_ATCC_27679","Bifidobacterium",-0.127016983
"Ba.helcogenes_P_36-108","Bacteroides","Bi.dentium_ATCC_27679","Bifidobacterium",-0.376633158
"Ba.intestinalis_DSM_17393","Bacteroides","Bi.dentium_ATCC_27679","Bifidobacterium",-0.321250312
"Ba.clarus_YIT_12056","Bacteroides","Bi.dentium_ATCC_27679","Bifidobacterium",-0.251505467
"Ba.fluxus_YIT_12057","Bacteroides","Bi.dentium_ATCC_27679","Bifidobacterium",-0.415233909
"Ba.coprophilus_DSM_18228_","Bacteroides","Bi.dentium_ATCC_27679","Bifidobacterium",-0.211156942
"Ba.sp._1_1_30","Bacteroides","Bi.dentium_ATCC_27679","Bifidobacterium",-0.411556092
"Ba.finegoldii_DSM_17565","Bacteroides","Bi.dentium_ATCC_27679","Bifidobacterium",-0.438434134
"Ba.sp._2_2_4","Bacteroides","Bi.dentium_ATCC_27679","Bifidobacterium",-0.38901529
"Ba.sp._2_1_56FAA","Bacteroides","Bi.dentium_ATCC_27679","Bifidobacterium",-0.195015638
"Ba.pectinophilus_ATCC_43243","Bacteroides","Bi.dentium_ATCC_27679","Bifidobacterium",0.355351026
"Ba.plebeius_DSM_17135","Bacteroides","Bi.dentium_ATCC_27679","Bifidobacterium",-0.32262764
"Ba.fragilis_3_1_12","Bacteroides","Bi.dentium_ATCC_27679","Bifidobacterium",-0.170979629
"Ba.sp._1_1_6","Bacteroides","Bi.dentium_ATCC_27679","Bifidobacterium",-0.400942241
"Ba.stercoris_ATCC_43183","Bacteroides","Bi.dentium_ATCC_27679","Bifidobacterium",-0.29109749
"Ba.uniformis_ATCC_8492","Bacteroides","Bi.dentium_ATCC_27679","Bifidobacterium",-0.215350856
"Ba.sp._9_1_42FAA","Bacteroides","Bi.dentium_ATCC_27679","Bifidobacterium",-0.349251515
"Ba.coprosuis_DSM_18011","Bacteroides","Bi.dentium_ATCC_27679","Bifidobacterium",-0.253178265
"Ba.coprocola_DSM_17136","Bacteroides","Bi.dentium_ATCC_27679","Bifidobacterium",-0.365172393
"Bi.breve_UCC2003","Bifidobacterium","Bi.dentium_ATCC_27679","Bifidobacterium",0.74332396
"Bi.longum_subsp._infantis_ATCC_15697_","Bifidobacterium","Bi.dentium_ATCC_27679","Bifidobacterium",0.728831762
"Bi.adolescentis_L2-32","Bifidobacterium","Bi.dentium_ATCC_27679","Bifidobacterium",0.792119127
"Ba.salanitronis_DSM_18170","Bacteroides","Bi.gallicum_DSM_20093","Bifidobacterium",-0.156985115
"Ba.eggerthii_1_2_48FAA","Bacteroides","Bi.gallicum_DSM_20093","Bifidobacterium",-0.220266067
"Ba.caccae_ATCC_43185","Bacteroides","Bi.gallicum_DSM_20093","Bifidobacterium",-0.095875728
"Ba.helcogenes_P_36-108","Bacteroides","Bi.gallicum_DSM_20093","Bifidobacterium",-0.328467036
"Ba.intestinalis_DSM_17393","Bacteroides","Bi.gallicum_DSM_20093","Bifidobacterium",-0.254645542
"Ba.clarus_YIT_12056","Bacteroides","Bi.gallicum_DSM_20093","Bifidobacterium",-0.189082938
"Ba.fluxus_YIT_12057","Bacteroides","Bi.gallicum_DSM_20093","Bifidobacterium",-0.387561736
"Ba.coprophilus_DSM_18228_","Bacteroides","Bi.gallicum_DSM_20093","Bifidobacterium",-0.210474324
"Ba.sp._1_1_30","Bacteroides","Bi.gallicum_DSM_20093","Bifidobacterium",-0.3949432
"Ba.finegoldii_DSM_17565","Bacteroides","Bi.gallicum_DSM_20093","Bifidobacterium",-0.424603851
"Ba.sp._2_2_4","Bacteroides","Bi.gallicum_DSM_20093","Bifidobacterium",-0.380453734
"Ba.sp._2_1_56FAA","Bacteroides","Bi.gallicum_DSM_20093","Bifidobacterium",-0.227956398
"Ba.pectinophilus_ATCC_43243","Bacteroides","Bi.gallicum_DSM_20093","Bifidobacterium",0.411008025
"Ba.plebeius_DSM_17135","Bacteroides","Bi.gallicum_DSM_20093","Bifidobacterium",-0.306554784
"Ba.fragilis_3_1_12","Bacteroides","Bi.gallicum_DSM_20093","Bifidobacterium",-0.166698696
"Ba.sp._1_1_6","Bacteroides","Bi.gallicum_DSM_20093","Bifidobacterium",-0.376629506
"Ba.stercoris_ATCC_43183","Bacteroides","Bi.gallicum_DSM_20093","Bifidobacterium",-0.285992473
"Ba.uniformis_ATCC_8492","Bacteroides","Bi.gallicum_DSM_20093","Bifidobacterium",-0.146770109
"Ba.sp._9_1_42FAA","Bacteroides","Bi.gallicum_DSM_20093","Bifidobacterium",-0.328450921
"Ba.coprosuis_DSM_18011","Bacteroides","Bi.gallicum_DSM_20093","Bifidobacterium",-0.196384378
"Ba.coprocola_DSM_17136","Bacteroides","Bi.gallicum_DSM_20093","Bifidobacterium",-0.35275187
"Bi.breve_UCC2003","Bifidobacterium","Bi.gallicum_DSM_20093","Bifidobacterium",0.734923506
"Bi.longum_subsp._infantis_ATCC_15697_","Bifidobacterium","Bi.gallicum_DSM_20093","Bifidobacterium",0.726905289
"Bi.adolescentis_L2-32","Bifidobacterium","Bi.gallicum_DSM_20093","Bifidobacterium",0.731765614
"Bi.dentium_ATCC_27679","Bifidobacterium","Bi.gallicum_DSM_20093","Bifidobacterium",0.791164678
"Ba.salanitronis_DSM_18170","Bacteroides","Bi.animalis_subsp._lactis_V9","Bifidobacterium",-0.13084045
"Ba.eggerthii_1_2_48FAA","Bacteroides","Bi.animalis_subsp._lactis_V9","Bifidobacterium",-0.14674629
"Ba.caccae_ATCC_43185","Bacteroides","Bi.animalis_subsp._lactis_V9","Bifidobacterium",-0.093104398
"Ba.helcogenes_P_36-108","Bacteroides","Bi.animalis_subsp._lactis_V9","Bifidobacterium",-0.326927674
"Ba.intestinalis_DSM_17393","Bacteroides","Bi.animalis_subsp._lactis_V9","Bifidobacterium",-0.216878838
"Ba.clarus_YIT_12056","Bacteroides","Bi.animalis_subsp._lactis_V9","Bifidobacterium",-0.207664377
"Ba.fluxus_YIT_12057","Bacteroides","Bi.animalis_subsp._lactis_V9","Bifidobacterium",-0.372349371
"Ba.coprophilus_DSM_18228_","Bacteroides","Bi.animalis_subsp._lactis_V9","Bifidobacterium",-0.201598694
"Ba.sp._1_1_30","Bacteroides","Bi.animalis_subsp._lactis_V9","Bifidobacterium",-0.410284929
"Ba.finegoldii_DSM_17565","Bacteroides","Bi.animalis_subsp._lactis_V9","Bifidobacterium",-0.443489939
"Ba.sp._2_2_4","Bacteroides","Bi.animalis_subsp._lactis_V9","Bifidobacterium",-0.397494392
"Ba.sp._2_1_56FAA","Bacteroides","Bi.animalis_subsp._lactis_V9","Bifidobacterium",-0.264190672
"Ba.pectinophilus_ATCC_43243","Bacteroides","Bi.animalis_subsp._lactis_V9","Bifidobacterium",0.502556133
"Ba.plebeius_DSM_17135","Bacteroides","Bi.animalis_subsp._lactis_V9","Bifidobacterium",-0.320899308
"Ba.fragilis_3_1_12","Bacteroides","Bi.animalis_subsp._lactis_V9","Bifidobacterium",-0.189898689
"Ba.sp._1_1_6","Bacteroides","Bi.animalis_subsp._lactis_V9","Bifidobacterium",-0.379094954
"Ba.stercoris_ATCC_43183","Bacteroides","Bi.animalis_subsp._lactis_V9","Bifidobacterium",-0.326466276
"Ba.uniformis_ATCC_8492","Bacteroides","Bi.animalis_subsp._lactis_V9","Bifidobacterium",-0.10792199
"Ba.sp._9_1_42FAA","Bacteroides","Bi.animalis_subsp._lactis_V9","Bifidobacterium",-0.314769559
"Ba.coprosuis_DSM_18011","Bacteroides","Bi.animalis_subsp._lactis_V9","Bifidobacterium",-0.228669187
"Ba.coprocola_DSM_17136","Bacteroides","Bi.animalis_subsp._lactis_V9","Bifidobacterium",-0.378362906
"Bi.breve_UCC2003","Bifidobacterium","Bi.animalis_subsp._lactis_V9","Bifidobacterium",0.601012059
"Bi.longum_subsp._infantis_ATCC_15697_","Bifidobacterium","Bi.animalis_subsp._lactis_V9","Bifidobacterium",0.595496396
"Bi.adolescentis_L2-32","Bifidobacterium","Bi.animalis_subsp._lactis_V9","Bifidobacterium",0.65751688
"Bi.dentium_ATCC_27679","Bifidobacterium","Bi.animalis_subsp._lactis_V9","Bifidobacterium",0.691874205
"Bi.gallicum_DSM_20093","Bifidobacterium","Bi.animalis_subsp._lactis_V9","Bifidobacterium",0.794593824
"Ba.salanitronis_DSM_18170","Bacteroides","Bi.bifidum_NCIMB_41171","Bifidobacterium",-0.165866304
"Ba.eggerthii_1_2_48FAA","Bacteroides","Bi.bifidum_NCIMB_41171","Bifidobacterium",-0.253512498
"Ba.caccae_ATCC_43185","Bacteroides","Bi.bifidum_NCIMB_41171","Bifidobacterium",-0.07881154
"Ba.helcogenes_P_36-108","Bacteroides","Bi.bifidum_NCIMB_41171","Bifidobacterium",-0.354379968
"Ba.intestinalis_DSM_17393","Bacteroides","Bi.bifidum_NCIMB_41171","Bifidobacterium",-0.302058585
"Ba.clarus_YIT_12056","Bacteroides","Bi.bifidum_NCIMB_41171","Bifidobacterium",-0.227570435
"Ba.fluxus_YIT_12057","Bacteroides","Bi.bifidum_NCIMB_41171","Bifidobacterium",-0.320616026
"Ba.coprophilus_DSM_18228_","Bacteroides","Bi.bifidum_NCIMB_41171","Bifidobacterium",-0.213318013
"Ba.sp._1_1_30","Bacteroides","Bi.bifidum_NCIMB_41171","Bifidobacterium",-0.354624329
"Ba.finegoldii_DSM_17565","Bacteroides","Bi.bifidum_NCIMB_41171","Bifidobacterium",-0.37320468
"Ba.sp._2_2_4","Bacteroides","Bi.bifidum_NCIMB_41171","Bifidobacterium",-0.318449551
"Ba.sp._2_1_56FAA","Bacteroides","Bi.bifidum_NCIMB_41171","Bifidobacterium",-0.199053046
"Ba.pectinophilus_ATCC_43243","Bacteroides","Bi.bifidum_NCIMB_41171","Bifidobacterium",0.305738325
"Ba.plebeius_DSM_17135","Bacteroides","Bi.bifidum_NCIMB_41171","Bifidobacterium",-0.271122231
"Ba.fragilis_3_1_12","Bacteroides","Bi.bifidum_NCIMB_41171","Bifidobacterium",-0.187018516
"Ba.sp._1_1_6","Bacteroides","Bi.bifidum_NCIMB_41171","Bifidobacterium",-0.354916468
"Ba.stercoris_ATCC_43183","Bacteroides","Bi.bifidum_NCIMB_41171","Bifidobacterium",-0.226161532
"Ba.uniformis_ATCC_8492","Bacteroides","Bi.bifidum_NCIMB_41171","Bifidobacterium",-0.167112173
"Ba.sp._9_1_42FAA","Bacteroides","Bi.bifidum_NCIMB_41171","Bifidobacterium",-0.32652367
"Ba.coprosuis_DSM_18011","Bacteroides","Bi.bifidum_NCIMB_41171","Bifidobacterium",-0.22898842
"Ba.coprocola_DSM_17136","Bacteroides","Bi.bifidum_NCIMB_41171","Bifidobacterium",-0.324397646
"Bi.breve_UCC2003","Bifidobacterium","Bi.bifidum_NCIMB_41171","Bifidobacterium",0.769041288
"Bi.longum_subsp._infantis_ATCC_15697_","Bifidobacterium","Bi.bifidum_NCIMB_41171","Bifidobacterium",0.734395358
"Bi.adolescentis_L2-32","Bifidobacterium","Bi.bifidum_NCIMB_41171","Bifidobacterium",0.673699344
"Bi.dentium_ATCC_27679","Bifidobacterium","Bi.bifidum_NCIMB_41171","Bifidobacterium",0.68670396
"Bi.gallicum_DSM_20093","Bifidobacterium","Bi.bifidum_NCIMB_41171","Bifidobacterium",0.666350004
"Bi.animalis_subsp._lactis_V9","Bifidobacterium","Bi.bifidum_NCIMB_41171","Bifidobacterium",0.566720117
"Ba.salanitronis_DSM_18170","Bacteroides","Bi.pseudocatenulatum_DSM_20438_","Bifidobacterium",-0.054420206
"Ba.eggerthii_1_2_48FAA","Bacteroides","Bi.pseudocatenulatum_DSM_20438_","Bifidobacterium",-0.208662762
"Ba.caccae_ATCC_43185","Bacteroides","Bi.pseudocatenulatum_DSM_20438_","Bifidobacterium",-0.072873107
"Ba.helcogenes_P_36-108","Bacteroides","Bi.pseudocatenulatum_DSM_20438_","Bifidobacterium",-0.241072583
"Ba.intestinalis_DSM_17393","Bacteroides","Bi.pseudocatenulatum_DSM_20438_","Bifidobacterium",-0.196017005
"Ba.clarus_YIT_12056","Bacteroides","Bi.pseudocatenulatum_DSM_20438_","Bifidobacterium",-0.101614217
"Ba.fluxus_YIT_12057","Bacteroides","Bi.pseudocatenulatum_DSM_20438_","Bifidobacterium",-0.231504245
"Ba.coprophilus_DSM_18228_","Bacteroides","Bi.pseudocatenulatum_DSM_20438_","Bifidobacterium",-0.115780403
"Ba.sp._1_1_30","Bacteroides","Bi.pseudocatenulatum_DSM_20438_","Bifidobacterium",-0.267062375
"Ba.finegoldii_DSM_17565","Bacteroides","Bi.pseudocatenulatum_DSM_20438_","Bifidobacterium",-0.267683891
"Ba.sp._2_2_4","Bacteroides","Bi.pseudocatenulatum_DSM_20438_","Bifidobacterium",-0.272957271
"Ba.sp._2_1_56FAA","Bacteroides","Bi.pseudocatenulatum_DSM_20438_","Bifidobacterium",-0.122747997
"Ba.pectinophilus_ATCC_43243","Bacteroides","Bi.pseudocatenulatum_DSM_20438_","Bifidobacterium",0.247883367
"Ba.plebeius_DSM_17135","Bacteroides","Bi.pseudocatenulatum_DSM_20438_","Bifidobacterium",-0.136481082
"Ba.fragilis_3_1_12","Bacteroides","Bi.pseudocatenulatum_DSM_20438_","Bifidobacterium",-0.130479087
"Ba.sp._1_1_6","Bacteroides","Bi.pseudocatenulatum_DSM_20438_","Bifidobacterium",-0.296356734
"Ba.stercoris_ATCC_43183","Bacteroides","Bi.pseudocatenulatum_DSM_20438_","Bifidobacterium",-0.126114193
"Ba.uniformis_ATCC_8492","Bacteroides","Bi.pseudocatenulatum_DSM_20438_","Bifidobacterium",-0.140920403
"Ba.sp._9_1_42FAA","Bacteroides","Bi.pseudocatenulatum_DSM_20438_","Bifidobacterium",-0.242516289
"Ba.coprosuis_DSM_18011","Bacteroides","Bi.pseudocatenulatum_DSM_20438_","Bifidobacterium",-0.09029528
"Ba.coprocola_DSM_17136","Bacteroides","Bi.pseudocatenulatum_DSM_20438_","Bifidobacterium",-0.140644424
"Bi.breve_UCC2003","Bifidobacterium","Bi.pseudocatenulatum_DSM_20438_","Bifidobacterium",0.640298108
"Bi.longum_subsp._infantis_ATCC_15697_","Bifidobacterium","Bi.pseudocatenulatum_DSM_20438_","Bifidobacterium",0.608594959
"Bi.adolescentis_L2-32","Bifidobacterium","Bi.pseudocatenulatum_DSM_20438_","Bifidobacterium",0.636464932
"Bi.dentium_ATCC_27679","Bifidobacterium","Bi.pseudocatenulatum_DSM_20438_","Bifidobacterium",0.728755263
"Bi.gallicum_DSM_20093","Bifidobacterium","Bi.pseudocatenulatum_DSM_20438_","Bifidobacterium",0.624826242
"Bi.animalis_subsp._lactis_V9","Bifidobacterium","Bi.pseudocatenulatum_DSM_20438_","Bifidobacterium",0.509391079
"Bi.bifidum_NCIMB_41171","Bifidobacterium","Bi.pseudocatenulatum_DSM_20438_","Bifidobacterium",0.595033038
"Ba.salanitronis_DSM_18170","Bacteroides","Bi.angulatum_DSM_20098_","Bifidobacterium",-0.197726646
"Ba.eggerthii_1_2_48FAA","Bacteroides","Bi.angulatum_DSM_20098_","Bifidobacterium",-0.245448884
"Ba.caccae_ATCC_43185","Bacteroides","Bi.angulatum_DSM_20098_","Bifidobacterium",-0.081738542
"Ba.helcogenes_P_36-108","Bacteroides","Bi.angulatum_DSM_20098_","Bifidobacterium",-0.393952548
"Ba.intestinalis_DSM_17393","Bacteroides","Bi.angulatum_DSM_20098_","Bifidobacterium",-0.333923914
"Ba.clarus_YIT_12056","Bacteroides","Bi.angulatum_DSM_20098_","Bifidobacterium",-0.247206162
"Ba.fluxus_YIT_12057","Bacteroides","Bi.angulatum_DSM_20098_","Bifidobacterium",-0.408327758
"Ba.coprophilus_DSM_18228_","Bacteroides","Bi.angulatum_DSM_20098_","Bifidobacterium",-0.226051075
"Ba.sp._1_1_30","Bacteroides","Bi.angulatum_DSM_20098_","Bifidobacterium",-0.398967895
"Ba.finegoldii_DSM_17565","Bacteroides","Bi.angulatum_DSM_20098_","Bifidobacterium",-0.433543901
"Ba.sp._2_2_4","Bacteroides","Bi.angulatum_DSM_20098_","Bifidobacterium",-0.376280547
"Ba.sp._2_1_56FAA","Bacteroides","Bi.angulatum_DSM_20098_","Bifidobacterium",-0.221933494
"Ba.pectinophilus_ATCC_43243","Bacteroides","Bi.angulatum_DSM_20098_","Bifidobacterium",0.387366182
"Ba.plebeius_DSM_17135","Bacteroides","Bi.angulatum_DSM_20098_","Bifidobacterium",-0.316138064
"Ba.fragilis_3_1_12","Bacteroides","Bi.angulatum_DSM_20098_","Bifidobacterium",-0.175493997
"Ba.sp._1_1_6","Bacteroides","Bi.angulatum_DSM_20098_","Bifidobacterium",-0.415037321
"Ba.stercoris_ATCC_43183","Bacteroides","Bi.angulatum_DSM_20098_","Bifidobacterium",-0.274824214
"Ba.uniformis_ATCC_8492","Bacteroides","Bi.angulatum_DSM_20098_","Bifidobacterium",-0.187646617
"Ba.sp._9_1_42FAA","Bacteroides","Bi.angulatum_DSM_20098_","Bifidobacterium",-0.336510163
"Ba.coprosuis_DSM_18011","Bacteroides","Bi.angulatum_DSM_20098_","Bifidobacterium",-0.262159858
"Ba.coprocola_DSM_17136","Bacteroides","Bi.angulatum_DSM_20098_","Bifidobacterium",-0.375076701
"Bi.breve_UCC2003","Bifidobacterium","Bi.angulatum_DSM_20098_","Bifidobacterium",0.800125801
"Bi.longum_subsp._infantis_ATCC_15697_","Bifidobacterium","Bi.angulatum_DSM_20098_","Bifidobacterium",0.774947719
"Bi.adolescentis_L2-32","Bifidobacterium","Bi.angulatum_DSM_20098_","Bifidobacterium",0.884752312
"Bi.dentium_ATCC_27679","Bifidobacterium","Bi.angulatum_DSM_20098_","Bifidobacterium",0.874532698
"Bi.gallicum_DSM_20093","Bifidobacterium","Bi.angulatum_DSM_20098_","Bifidobacterium",0.821165786
"Bi.animalis_subsp._lactis_V9","Bifidobacterium","Bi.angulatum_DSM_20098_","Bifidobacterium",0.728747851
"Bi.bifidum_NCIMB_41171","Bifidobacterium","Bi.angulatum_DSM_20098_","Bifidobacterium",0.764917338
"Bi.pseudocatenulatum_DSM_20438_","Bifidobacterium","Bi.angulatum_DSM_20098_","Bifidobacterium",0.77688887
"Ba.salanitronis_DSM_18170","Bacteroides","F.prausnitzii_A2.165","Faecalibacterium",-0.123564591
"Ba.eggerthii_1_2_48FAA","Bacteroides","F.prausnitzii_A2.165","Faecalibacterium",-0.106402902
"Ba.caccae_ATCC_43185","Bacteroides","F.prausnitzii_A2.165","Faecalibacterium",-0.024940808
"Ba.helcogenes_P_36-108","Bacteroides","F.prausnitzii_A2.165","Faecalibacterium",-0.328106017
"Ba.intestinalis_DSM_17393","Bacteroides","F.prausnitzii_A2.165","Faecalibacterium",-0.186617723
"Ba.clarus_YIT_12056","Bacteroides","F.prausnitzii_A2.165","Faecalibacterium",-0.141084302
"Ba.fluxus_YIT_12057","Bacteroides","F.prausnitzii_A2.165","Faecalibacterium",-0.270288273
"Ba.coprophilus_DSM_18228_","Bacteroides","F.prausnitzii_A2.165","Faecalibacterium",-0.0921891
"Ba.sp._1_1_30","Bacteroides","F.prausnitzii_A2.165","Faecalibacterium",-0.396515438
"Ba.finegoldii_DSM_17565","Bacteroides","F.prausnitzii_A2.165","Faecalibacterium",-0.392438317
"Ba.sp._2_2_4","Bacteroides","F.prausnitzii_A2.165","Faecalibacterium",-0.373594684
"Ba.sp._2_1_56FAA","Bacteroides","F.prausnitzii_A2.165","Faecalibacterium",-0.328146142
"Ba.pectinophilus_ATCC_43243","Bacteroides","F.prausnitzii_A2.165","Faecalibacterium",0.653083951
"Ba.plebeius_DSM_17135","Bacteroides","F.prausnitzii_A2.165","Faecalibacterium",-0.200282127
"Ba.fragilis_3_1_12","Bacteroides","F.prausnitzii_A2.165","Faecalibacterium",-0.234084964
"Ba.sp._1_1_6","Bacteroides","F.prausnitzii_A2.165","Faecalibacterium",-0.355700867
"Ba.stercoris_ATCC_43183","Bacteroides","F.prausnitzii_A2.165","Faecalibacterium",-0.217903704
"Ba.uniformis_ATCC_8492","Bacteroides","F.prausnitzii_A2.165","Faecalibacterium",-0.061952982
"Ba.sp._9_1_42FAA","Bacteroides","F.prausnitzii_A2.165","Faecalibacterium",-0.285251669
"Ba.coprosuis_DSM_18011","Bacteroides","F.prausnitzii_A2.165","Faecalibacterium",-0.194058996
"Ba.coprocola_DSM_17136","Bacteroides","F.prausnitzii_A2.165","Faecalibacterium",-0.248606086
"Bi.breve_UCC2003","Bifidobacterium","F.prausnitzii_A2.165","Faecalibacterium",0.311701112
"Bi.longum_subsp._infantis_ATCC_15697_","Bifidobacterium","F.prausnitzii_A2.165","Faecalibacterium",0.341307295
"Bi.adolescentis_L2-32","Bifidobacterium","F.prausnitzii_A2.165","Faecalibacterium",0.400000412
"Bi.dentium_ATCC_27679","Bifidobacterium","F.prausnitzii_A2.165","Faecalibacterium",0.369489068
"Bi.gallicum_DSM_20093","Bifidobacterium","F.prausnitzii_A2.165","Faecalibacterium",0.408213942
"Bi.animalis_subsp._lactis_V9","Bifidobacterium","F.prausnitzii_A2.165","Faecalibacterium",0.454420051
"Bi.bifidum_NCIMB_41171","Bifidobacterium","F.prausnitzii_A2.165","Faecalibacterium",0.351232412
"Bi.pseudocatenulatum_DSM_20438_","Bifidobacterium","F.prausnitzii_A2.165","Faecalibacterium",0.273840362
"Bi.angulatum_DSM_20098_","Bifidobacterium","F.prausnitzii_A2.165","Faecalibacterium",0.40445986
"Ba.salanitronis_DSM_18170","Bacteroides","F.prausnitzii_SL3.3","Faecalibacterium",-0.053804712
"Ba.eggerthii_1_2_48FAA","Bacteroides","F.prausnitzii_SL3.3","Faecalibacterium",-0.025798379
"Ba.caccae_ATCC_43185","Bacteroides","F.prausnitzii_SL3.3","Faecalibacterium",-0.0023075
"Ba.helcogenes_P_36-108","Bacteroides","F.prausnitzii_SL3.3","Faecalibacterium",-0.242498999
"Ba.intestinalis_DSM_17393","Bacteroides","F.prausnitzii_SL3.3","Faecalibacterium",-0.13328098
"Ba.clarus_YIT_12056","Bacteroides","F.prausnitzii_SL3.3","Faecalibacterium",-0.110826766
"Ba.fluxus_YIT_12057","Bacteroides","F.prausnitzii_SL3.3","Faecalibacterium",-0.113041344
"Ba.coprophilus_DSM_18228_","Bacteroides","F.prausnitzii_SL3.3","Faecalibacterium",0.044848556
"Ba.sp._1_1_30","Bacteroides","F.prausnitzii_SL3.3","Faecalibacterium",-0.314680905
"Ba.finegoldii_DSM_17565","Bacteroides","F.prausnitzii_SL3.3","Faecalibacterium",-0.287689731
"Ba.sp._2_2_4","Bacteroides","F.prausnitzii_SL3.3","Faecalibacterium",-0.292728335
"Ba.sp._2_1_56FAA","Bacteroides","F.prausnitzii_SL3.3","Faecalibacterium",-0.31747389
"Ba.pectinophilus_ATCC_43243","Bacteroides","F.prausnitzii_SL3.3","Faecalibacterium",0.597298406
"Ba.plebeius_DSM_17135","Bacteroides","F.prausnitzii_SL3.3","Faecalibacterium",-0.084527645
"Ba.fragilis_3_1_12","Bacteroides","F.prausnitzii_SL3.3","Faecalibacterium",-0.269791923
"Ba.sp._1_1_6","Bacteroides","F.prausnitzii_SL3.3","Faecalibacterium",-0.262443209
"Ba.stercoris_ATCC_43183","Bacteroides","F.prausnitzii_SL3.3","Faecalibacterium",-0.088562182
"Ba.uniformis_ATCC_8492","Bacteroides","F.prausnitzii_SL3.3","Faecalibacterium",-0.034790895
"Ba.sp._9_1_42FAA","Bacteroides","F.prausnitzii_SL3.3","Faecalibacterium",-0.227898556
"Ba.coprosuis_DSM_18011","Bacteroides","F.prausnitzii_SL3.3","Faecalibacterium",-0.096818656
"Ba.coprocola_DSM_17136","Bacteroides","F.prausnitzii_SL3.3","Faecalibacterium",-0.120065625
"Bi.breve_UCC2003","Bifidobacterium","F.prausnitzii_SL3.3","Faecalibacterium",0.170224194
"Bi.longum_subsp._infantis_ATCC_15697_","Bifidobacterium","F.prausnitzii_SL3.3","Faecalibacterium",0.195470016
"Bi.adolescentis_L2-32","Bifidobacterium","F.prausnitzii_SL3.3","Faecalibacterium",0.280461227
"Bi.dentium_ATCC_27679","Bifidobacterium","F.prausnitzii_SL3.3","Faecalibacterium",0.205189276
"Bi.gallicum_DSM_20093","Bifidobacterium","F.prausnitzii_SL3.3","Faecalibacterium",0.251287486
"Bi.animalis_subsp._lactis_V9","Bifidobacterium","F.prausnitzii_SL3.3","Faecalibacterium",0.319041821
"Bi.bifidum_NCIMB_41171","Bifidobacterium","F.prausnitzii_SL3.3","Faecalibacterium",0.251273578
"Bi.pseudocatenulatum_DSM_20438_","Bifidobacterium","F.prausnitzii_SL3.3","Faecalibacterium",0.197152512
"Bi.angulatum_DSM_20098_","Bifidobacterium","F.prausnitzii_SL3.3","Faecalibacterium",0.247108433
"F.prausnitzii_A2-165","Faecalibacterium","F.prausnitzii_SL3.3","Faecalibacterium",0.741184537
"Ba.salanitronis_DSM_18170","Bacteroides","F.prausnitzii_L2.6","Faecalibacterium",-0.021180819
"Ba.eggerthii_1_2_48FAA","Bacteroides","F.prausnitzii_L2.6","Faecalibacterium",-0.112303544
"Ba.caccae_ATCC_43185","Bacteroides","F.prausnitzii_L2.6","Faecalibacterium",-0.052146331
"Ba.helcogenes_P_36-108","Bacteroides","F.prausnitzii_L2.6","Faecalibacterium",-0.155670252
"Ba.intestinalis_DSM_17393","Bacteroides","F.prausnitzii_L2.6","Faecalibacterium",-0.093231987
"Ba.clarus_YIT_12056","Bacteroides","F.prausnitzii_L2.6","Faecalibacterium",-0.030336769
"Ba.fluxus_YIT_12057","Bacteroides","F.prausnitzii_L2.6","Faecalibacterium",-0.173380059
"Ba.coprophilus_DSM_18228_","Bacteroides","F.prausnitzii_L2.6","Faecalibacterium",0.019738167
"Ba.sp._1_1_30","Bacteroides","F.prausnitzii_L2.6","Faecalibacterium",-0.243752471
"Ba.finegoldii_DSM_17565","Bacteroides","F.prausnitzii_L2.6","Faecalibacterium",-0.277272805
"Ba.sp._2_2_4","Bacteroides","F.prausnitzii_L2.6","Faecalibacterium",-0.250878782
"Ba.sp._2_1_56FAA","Bacteroides","F.prausnitzii_L2.6","Faecalibacterium",-0.203576229
"Ba.pectinophilus_ATCC_43243","Bacteroides","F.prausnitzii_L2.6","Faecalibacterium",0.545851607
"Ba.plebeius_DSM_17135","Bacteroides","F.prausnitzii_L2.6","Faecalibacterium",-0.086851782
"Ba.fragilis_3_1_12","Bacteroides","F.prausnitzii_L2.6","Faecalibacterium",-0.122312173
"Ba.sp._1_1_6","Bacteroides","F.prausnitzii_L2.6","Faecalibacterium",-0.209564021
"Ba.stercoris_ATCC_43183","Bacteroides","F.prausnitzii_L2.6","Faecalibacterium",-0.115522241
"Ba.uniformis_ATCC_8492","Bacteroides","F.prausnitzii_L2.6","Faecalibacterium",-0.026385567
"Ba.sp._9_1_42FAA","Bacteroides","F.prausnitzii_L2.6","Faecalibacterium",-0.137891188
"Ba.coprosuis_DSM_18011","Bacteroides","F.prausnitzii_L2.6","Faecalibacterium",-0.038303838
"Ba.coprocola_DSM_17136","Bacteroides","F.prausnitzii_L2.6","Faecalibacterium",-0.073775219
"Bi.breve_UCC2003","Bifidobacterium","F.prausnitzii_L2.6","Faecalibacterium",0.263122566
"Bi.longum_subsp._infantis_ATCC_15697_","Bifidobacterium","F.prausnitzii_L2.6","Faecalibacterium",0.292955833
"Bi.adolescentis_L2-32","Bifidobacterium","F.prausnitzii_L2.6","Faecalibacterium",0.235868122
"Bi.dentium_ATCC_27679","Bifidobacterium","F.prausnitzii_L2.6","Faecalibacterium",0.259957467
"Bi.gallicum_DSM_20093","Bifidobacterium","F.prausnitzii_L2.6","Faecalibacterium",0.272125149
"Bi.animalis_subsp._lactis_V9","Bifidobacterium","F.prausnitzii_L2.6","Faecalibacterium",0.284669689
"Bi.bifidum_NCIMB_41171","Bifidobacterium","F.prausnitzii_L2.6","Faecalibacterium",0.247254875
"Bi.pseudocatenulatum_DSM_20438_","Bifidobacterium","F.prausnitzii_L2.6","Faecalibacterium",0.283204539
"Bi.angulatum_DSM_20098_","Bifidobacterium","F.prausnitzii_L2.6","Faecalibacterium",0.271087656
"F.prausnitzii_A2-165","Faecalibacterium","F.prausnitzii_L2.6","Faecalibacterium",0.629608354
"F.prausnitzii_SL3/3","Faecalibacterium","F.prausnitzii_L2.6","Faecalibacterium",0.593054513
"Ba.salanitronis_DSM_18170","Bacteroides","F.cf._prausnitzii_KLE1255","Faecalibacterium",-0.032131282
"Ba.eggerthii_1_2_48FAA","Bacteroides","F.cf._prausnitzii_KLE1255","Faecalibacterium",-0.116494113
"Ba.caccae_ATCC_43185","Bacteroides","F.cf._prausnitzii_KLE1255","Faecalibacterium",-0.044131609
"Ba.helcogenes_P_36-108","Bacteroides","F.cf._prausnitzii_KLE1255","Faecalibacterium",-0.242037906
"Ba.intestinalis_DSM_17393","Bacteroides","F.cf._prausnitzii_KLE1255","Faecalibacterium",-0.139871544
"Ba.clarus_YIT_12056","Bacteroides","F.cf._prausnitzii_KLE1255","Faecalibacterium",-0.125120089
"Ba.fluxus_YIT_12057","Bacteroides","F.cf._prausnitzii_KLE1255","Faecalibacterium",-0.187957341
"Ba.coprophilus_DSM_18228_","Bacteroides","F.cf._prausnitzii_KLE1255","Faecalibacterium",0.025447396
"Ba.sp._1_1_30","Bacteroides","F.cf._prausnitzii_KLE1255","Faecalibacterium",-0.311552796
"Ba.finegoldii_DSM_17565","Bacteroides","F.cf._prausnitzii_KLE1255","Faecalibacterium",-0.310613571
"Ba.sp._2_2_4","Bacteroides","F.cf._prausnitzii_KLE1255","Faecalibacterium",-0.311773619
"Ba.sp._2_1_56FAA","Bacteroides","F.cf._prausnitzii_KLE1255","Faecalibacterium",-0.276715453
"Ba.pectinophilus_ATCC_43243","Bacteroides","F.cf._prausnitzii_KLE1255","Faecalibacterium",0.59005009
"Ba.plebeius_DSM_17135","Bacteroides","F.cf._prausnitzii_KLE1255","Faecalibacterium",-0.116975131
"Ba.fragilis_3_1_12","Bacteroides","F.cf._prausnitzii_KLE1255","Faecalibacterium",-0.222245411
"Ba.sp._1_1_6","Bacteroides","F.cf._prausnitzii_KLE1255","Faecalibacterium",-0.250467223
"Ba.stercoris_ATCC_43183","Bacteroides","F.cf._prausnitzii_KLE1255","Faecalibacterium",-0.137549213
"Ba.uniformis_ATCC_8492","Bacteroides","F.cf._prausnitzii_KLE1255","Faecalibacterium",-0.059829417
"Ba.sp._9_1_42FAA","Bacteroides","F.cf._prausnitzii_KLE1255","Faecalibacterium",-0.23784026
"Ba.coprosuis_DSM_18011","Bacteroides","F.cf._prausnitzii_KLE1255","Faecalibacterium",-0.101623339
"Ba.coprocola_DSM_17136","Bacteroides","F.cf._prausnitzii_KLE1255","Faecalibacterium",-0.135638617
"Bi.breve_UCC2003","Bifidobacterium","F.cf._prausnitzii_KLE1255","Faecalibacterium",0.264801216
"Bi.longum_subsp._infantis_ATCC_15697_","Bifidobacterium","F.cf._prausnitzii_KLE1255","Faecalibacterium",0.287952585
"Bi.adolescentis_L2-32","Bifidobacterium","F.cf._prausnitzii_KLE1255","Faecalibacterium",0.345747054
"Bi.dentium_ATCC_27679","Bifidobacterium","F.cf._prausnitzii_KLE1255","Faecalibacterium",0.301236235
"Bi.gallicum_DSM_20093","Bifidobacterium","F.cf._prausnitzii_KLE1255","Faecalibacterium",0.31795588
"Bi.animalis_subsp._lactis_V9","Bifidobacterium","F.cf._prausnitzii_KLE1255","Faecalibacterium",0.355927451
"Bi.bifidum_NCIMB_41171","Bifidobacterium","F.cf._prausnitzii_KLE1255","Faecalibacterium",0.310332548
"Bi.pseudocatenulatum_DSM_20438_","Bifidobacterium","F.cf._prausnitzii_KLE1255","Faecalibacterium",0.27220055
"Bi.angulatum_DSM_20098_","Bifidobacterium","F.cf._prausnitzii_KLE1255","Faecalibacterium",0.331806141
"F.prausnitzii_A2-165","Faecalibacterium","F.cf._prausnitzii_KLE1255","Faecalibacterium",0.716886024
"F.prausnitzii_SL3/3","Faecalibacterium","F.cf._prausnitzii_KLE1255","Faecalibacterium",0.687983099
"F.prausnitzii_L2-6","Faecalibacterium","F.cf._prausnitzii_KLE1255","Faecalibacterium",0.644090004
"Ba.salanitronis_DSM_18170","Bacteroides","R.hominis_A2.183","Roseburia",-0.095052322
"Ba.eggerthii_1_2_48FAA","Bacteroides","R.hominis_A2.183","Roseburia",-0.07400874
"Ba.caccae_ATCC_43185","Bacteroides","R.hominis_A2.183","Roseburia",-0.034451957
"Ba.helcogenes_P_36-108","Bacteroides","R.hominis_A2.183","Roseburia",-0.270165265
"Ba.intestinalis_DSM_17393","Bacteroides","R.hominis_A2.183","Roseburia",-0.081943865
"Ba.clarus_YIT_12056","Bacteroides","R.hominis_A2.183","Roseburia",-0.118249318
"Ba.fluxus_YIT_12057","Bacteroides","R.hominis_A2.183","Roseburia",-0.248762569
"Ba.coprophilus_DSM_18228_","Bacteroides","R.hominis_A2.183","Roseburia",-0.081562167
"Ba.sp._1_1_30","Bacteroides","R.hominis_A2.183","Roseburia",-0.334569758
"Ba.finegoldii_DSM_17565","Bacteroides","R.hominis_A2.183","Roseburia",-0.354843446
"Ba.sp._2_2_4","Bacteroides","R.hominis_A2.183","Roseburia",-0.340323277
"Ba.sp._2_1_56FAA","Bacteroides","R.hominis_A2.183","Roseburia",-0.325947974
"Ba.pectinophilus_ATCC_43243","Bacteroides","R.hominis_A2.183","Roseburia",0.776200697
"Ba.plebeius_DSM_17135","Bacteroides","R.hominis_A2.183","Roseburia",-0.168642
"Ba.fragilis_3_1_12","Bacteroides","R.hominis_A2.183","Roseburia",-0.185977361
"Ba.sp._1_1_6","Bacteroides","R.hominis_A2.183","Roseburia",-0.258435973
"Ba.stercoris_ATCC_43183","Bacteroides","R.hominis_A2.183","Roseburia",-0.231582713
"Ba.uniformis_ATCC_8492","Bacteroides","R.hominis_A2.183","Roseburia",-0.004230342
"Ba.sp._9_1_42FAA","Bacteroides","R.hominis_A2.183","Roseburia",-0.286435581
"Ba.coprosuis_DSM_18011","Bacteroides","R.hominis_A2.183","Roseburia",-0.156060621
"Ba.coprocola_DSM_17136","Bacteroides","R.hominis_A2.183","Roseburia",-0.200796193
"Bi.breve_UCC2003","Bifidobacterium","R.hominis_A2.183","Roseburia",0.279233655
"Bi.longum_subsp._infantis_ATCC_15697_","Bifidobacterium","R.hominis_A2.183","Roseburia",0.308029138
"Bi.adolescentis_L2-32","Bifidobacterium","R.hominis_A2.183","Roseburia",0.353828493
"Bi.dentium_ATCC_27679","Bifidobacterium","R.hominis_A2.183","Roseburia",0.322736636
"Bi.gallicum_DSM_20093","Bifidobacterium","R.hominis_A2.183","Roseburia",0.389995608
"Bi.animalis_subsp._lactis_V9","Bifidobacterium","R.hominis_A2.183","Roseburia",0.484689187
"Bi.bifidum_NCIMB_41171","Bifidobacterium","R.hominis_A2.183","Roseburia",0.284973933
"Bi.pseudocatenulatum_DSM_20438_","Bifidobacterium","R.hominis_A2.183","Roseburia",0.239134961
"Bi.angulatum_DSM_20098_","Bifidobacterium","R.hominis_A2.183","Roseburia",0.352561697
"F.prausnitzii_A2-165","Faecalibacterium","R.hominis_A2.183","Roseburia",0.608253938
"F.prausnitzii_SL3/3","Faecalibacterium","R.hominis_A2.183","Roseburia",0.541670699
"F.prausnitzii_L2-6","Faecalibacterium","R.hominis_A2.183","Roseburia",0.442902026
"F.cf._prausnitzii_KLE1255","Faecalibacterium","R.hominis_A2.183","Roseburia",0.551581137
"Ba.salanitronis_DSM_18170","Bacteroides","R.inulinivorans_DSM_16841","Roseburia",0.021434489
"Ba.eggerthii_1_2_48FAA","Bacteroides","R.inulinivorans_DSM_16841","Roseburia",-0.072084091
"Ba.caccae_ATCC_43185","Bacteroides","R.inulinivorans_DSM_16841","Roseburia",-0.026081685
"Ba.helcogenes_P_36-108","Bacteroides","R.inulinivorans_DSM_16841","Roseburia",-0.172483743
"Ba.intestinalis_DSM_17393","Bacteroides","R.inulinivorans_DSM_16841","Roseburia",-0.143186725
"Ba.clarus_YIT_12056","Bacteroides","R.inulinivorans_DSM_16841","Roseburia",0.00607577
"Ba.fluxus_YIT_12057","Bacteroides","R.inulinivorans_DSM_16841","Roseburia",-0.180454702
"Ba.coprophilus_DSM_18228_","Bacteroides","R.inulinivorans_DSM_16841","Roseburia",-0.000121252
"Ba.sp._1_1_30","Bacteroides","R.inulinivorans_DSM_16841","Roseburia",-0.231168268
"Ba.finegoldii_DSM_17565","Bacteroides","R.inulinivorans_DSM_16841","Roseburia",-0.244668636
"Ba.sp._2_2_4","Bacteroides","R.inulinivorans_DSM_16841","Roseburia",-0.250795546
"Ba.sp._2_1_56FAA","Bacteroides","R.inulinivorans_DSM_16841","Roseburia",-0.240818084
"Ba.pectinophilus_ATCC_43243","Bacteroides","R.inulinivorans_DSM_16841","Roseburia",0.659347144
"Ba.plebeius_DSM_17135","Bacteroides","R.inulinivorans_DSM_16841","Roseburia",-0.061228782
"Ba.fragilis_3_1_12","Bacteroides","R.inulinivorans_DSM_16841","Roseburia",-0.152541893
"Ba.sp._1_1_6","Bacteroides","R.inulinivorans_DSM_16841","Roseburia",-0.176413289
"Ba.stercoris_ATCC_43183","Bacteroides","R.inulinivorans_DSM_16841","Roseburia",-0.05636247
"Ba.uniformis_ATCC_8492","Bacteroides","R.inulinivorans_DSM_16841","Roseburia",-0.016463386
"Ba.sp._9_1_42FAA","Bacteroides","R.inulinivorans_DSM_16841","Roseburia",-0.109694721
"Ba.coprosuis_DSM_18011","Bacteroides","R.inulinivorans_DSM_16841","Roseburia",-0.03325605
"Ba.coprocola_DSM_17136","Bacteroides","R.inulinivorans_DSM_16841","Roseburia",-0.083942615
"Bi.breve_UCC2003","Bifidobacterium","R.inulinivorans_DSM_16841","Roseburia",0.129666355
"Bi.longum_subsp._infantis_ATCC_15697_","Bifidobacterium","R.inulinivorans_DSM_16841","Roseburia",0.166152647
"Bi.adolescentis_L2-32","Bifidobacterium","R.inulinivorans_DSM_16841","Roseburia",0.235910204
"Bi.dentium_ATCC_27679","Bifidobacterium","R.inulinivorans_DSM_16841","Roseburia",0.187000243
"Bi.gallicum_DSM_20093","Bifidobacterium","R.inulinivorans_DSM_16841","Roseburia",0.183532391
"Bi.animalis_subsp._lactis_V9","Bifidobacterium","R.inulinivorans_DSM_16841","Roseburia",0.227325243
"Bi.bifidum_NCIMB_41171","Bifidobacterium","R.inulinivorans_DSM_16841","Roseburia",0.1638126
"Bi.pseudocatenulatum_DSM_20438_","Bifidobacterium","R.inulinivorans_DSM_16841","Roseburia",0.164384532
"Bi.angulatum_DSM_20098_","Bifidobacterium","R.inulinivorans_DSM_16841","Roseburia",0.199071419
"F.prausnitzii_A2-165","Faecalibacterium","R.inulinivorans_DSM_16841","Roseburia",0.51277204
"F.prausnitzii_SL3/3","Faecalibacterium","R.inulinivorans_DSM_16841","Roseburia",0.48162465
"F.prausnitzii_L2-6","Faecalibacterium","R.inulinivorans_DSM_16841","Roseburia",0.442041544
"F.cf._prausnitzii_KLE1255","Faecalibacterium","R.inulinivorans_DSM_16841","Roseburia",0.478315366
"R.hominis_A2-183","Roseburia","R.inulinivorans_DSM_16841","Roseburia",0.550996458
"Ba.salanitronis_DSM_18170","Bacteroides","R.A1intestinalis_XB6B4","Roseburia",-0.029618065
"Ba.eggerthii_1_2_48FAA","Bacteroides","R.A1intestinalis_XB6B4","Roseburia",-0.071136334
"Ba.caccae_ATCC_43185","Bacteroides","R.A1intestinalis_XB6B4","Roseburia",-0.082915135
"Ba.helcogenes_P_36-108","Bacteroides","R.A1intestinalis_XB6B4","Roseburia",-0.177166597
"Ba.intestinalis_DSM_17393","Bacteroides","R.A1intestinalis_XB6B4","Roseburia",-0.118771727
"Ba.clarus_YIT_12056","Bacteroides","R.A1intestinalis_XB6B4","Roseburia",-0.070152204
"Ba.fluxus_YIT_12057","Bacteroides","R.A1intestinalis_XB6B4","Roseburia",-0.192803227
"Ba.coprophilus_DSM_18228_","Bacteroides","R.A1intestinalis_XB6B4","Roseburia",-0.071799255
"Ba.sp._1_1_30","Bacteroides","R.A1intestinalis_XB6B4","Roseburia",-0.199131388
"Ba.finegoldii_DSM_17565","Bacteroides","R.A1intestinalis_XB6B4","Roseburia",-0.284364964
"Ba.sp._2_2_4","Bacteroides","R.A1intestinalis_XB6B4","Roseburia",-0.215851631
"Ba.sp._2_1_56FAA","Bacteroides","R.A1intestinalis_XB6B4","Roseburia",-0.228279326
"Ba.pectinophilus_ATCC_43243","Bacteroides","R.A1intestinalis_XB6B4","Roseburia",0.721993711
"Ba.plebeius_DSM_17135","Bacteroides","R.A1intestinalis_XB6B4","Roseburia",-0.15290615
"Ba.fragilis_3_1_12","Bacteroides","R.A1intestinalis_XB6B4","Roseburia",-0.137050831
"Ba.sp._1_1_6","Bacteroides","R.A1intestinalis_XB6B4","Roseburia",-0.189555723
"Ba.stercoris_ATCC_43183","Bacteroides","R.A1intestinalis_XB6B4","Roseburia",-0.162576794
"Ba.uniformis_ATCC_8492","Bacteroides","R.A1intestinalis_XB6B4","Roseburia",-0.006052483
"Ba.sp._9_1_42FAA","Bacteroides","R.A1intestinalis_XB6B4","Roseburia",-0.100916704
"Ba.coprosuis_DSM_18011","Bacteroides","R.A1intestinalis_XB6B4","Roseburia",-0.099188827
"Ba.coprocola_DSM_17136","Bacteroides","R.A1intestinalis_XB6B4","Roseburia",-0.191149588
"Bi.breve_UCC2003","Bifidobacterium","R.A1intestinalis_XB6B4","Roseburia",0.159677945
"Bi.longum_subsp._infantis_ATCC_15697_","Bifidobacterium","R.A1intestinalis_XB6B4","Roseburia",0.180714922
"Bi.adolescentis_L2-32","Bifidobacterium","R.A1intestinalis_XB6B4","Roseburia",0.222652008
"Bi.dentium_ATCC_27679","Bifidobacterium","R.A1intestinalis_XB6B4","Roseburia",0.170496479
"Bi.gallicum_DSM_20093","Bifidobacterium","R.A1intestinalis_XB6B4","Roseburia",0.193904474
"Bi.animalis_subsp._lactis_V9","Bifidobacterium","R.A1intestinalis_XB6B4","Roseburia",0.257556461
"Bi.bifidum_NCIMB_41171","Bifidobacterium","R.A1intestinalis_XB6B4","Roseburia",0.149735834
"Bi.pseudocatenulatum_DSM_20438_","Bifidobacterium","R.A1intestinalis_XB6B4","Roseburia",0.108402254
"Bi.angulatum_DSM_20098_","Bifidobacterium","R.A1intestinalis_XB6B4","Roseburia",0.200901267
"F.prausnitzii_A2-165","Faecalibacterium","R.A1intestinalis_XB6B4","Roseburia",0.484298667
"F.prausnitzii_SL3/3","Faecalibacterium","R.A1intestinalis_XB6B4","Roseburia",0.440253455
"F.prausnitzii_L2-6","Faecalibacterium","R.A1intestinalis_XB6B4","Roseburia",0.418915952
"F.cf._prausnitzii_KLE1255","Faecalibacterium","R.A1intestinalis_XB6B4","Roseburia",0.464547652
"R.hominis_A2-183","Roseburia","R.A1intestinalis_XB6B4","Roseburia",0.54957501
"R.inulinivorans_DSM_16841","Roseburia","R.A1intestinalis_XB6B4","Roseburia",0.605587726
